Cluster_ID,Feature,Centroid_Value,Z_Score,Abs_Z_Score
0,Total Charges,0.4231,1.3287,1.3287
0,Online Security_Yes,0.379,1.3234,1.3234
0,Tech Support_Yes,0.3746,1.314,1.314
0,Internet Service_DSL,0.3758,1.2301,1.2301
0,Online Backup_Yes,0.3397,1.1608,1.1608
0,Device Protection_Yes,0.3253,1.1315,1.1315
0,Tenure Months,0.29,1.1225,1.1225
0,CLTV,0.1099,1.1184,1.1184
0,Payment Method_Bank transfer (automatic),0.0943,1.0641,1.0641
0,Phone Service_Yes,-0.1329,-1.0418,1.0418
0,Phone Service_No,0.1329,1.0418,1.0418
0,Multiple Lines_No phone service,0.1329,1.0418,1.0418
0,Payment Method_Credit card (automatic),0.0998,1.018,1.018
1,Monthly Charges,-1.451,-1.4142,1.4142
1,Tech Support_No internet service,1.9014,1.4139,1.4139
1,Internet Service_No,1.9014,1.4139,1.4139
1,Streaming Movies_No internet service,1.9014,1.4139,1.4139
1,Streaming TV_No internet service,1.9014,1.4139,1.4139
1,Device Protection_No internet service,1.9014,1.4139,1.4139
1,Online Backup_No internet service,1.9014,1.4139,1.4139
1,Online Security_No internet service,1.9014,1.4139,1.4139
1,Multiple Lines_Yes,-0.3911,-1.4137,1.4137
1,Streaming TV_No,-0.8148,-1.4126,1.4126
1,Streaming Movies_No,-0.8087,-1.4122,1.4122
1,Payment Method_Mailed check,0.6034,1.4118,1.4118
1,Streaming TV_Yes,-0.7901,-1.4076,1.4076
1,Streaming Movies_Yes,-0.7961,-1.407,1.407
1,Multiple Lines_No,0.5804,1.4043,1.4043
1,Device Protection_No,-0.8854,-1.3708,1.3708
1,Online Backup_No,-0.8836,-1.3615,1.3615
1,Paperless Billing_Yes,-0.6228,-1.3597,1.3597
1,Paperless Billing_No,0.6228,1.3597,1.3597
1,Phone Service_No,-0.3274,-1.3491,1.3491
1,Multiple Lines_No phone service,-0.3274,-1.3491,1.3491
1,Phone Service_Yes,0.3274,1.3491,1.3491
1,Tech Support_No,-0.9863,-1.3391,1.3391
1,Online Security_No,-0.9933,-1.337,1.337
1,Internet Service_Fiber optic,-0.8857,-1.336,1.336
1,Device Protection_Yes,-0.724,-1.3005,1.3005
1,Senior Citizen_Yes,-0.3501,-1.2809,1.2809
1,Senior Citizen_No,0.3501,1.2809,1.2809
1,Online Backup_Yes,-0.7256,-1.28,1.28
1,Internet Service_DSL,-0.7237,-1.2193,1.2193
1,Payment Method_Electronic check,-0.5444,-1.1958,1.1958
1,Contract_Two year,0.4445,1.134,1.134
1,Tech Support_Yes,-0.6394,-1.1099,1.1099
1,Dependents_Yes,0.341,1.0989,1.0989
1,Dependents_No,-0.341,-1.0989,1.0989
1,Online Security_Yes,-0.6339,-1.0935,1.0935
1,Total Charges,-0.7042,-1.0837,1.0837
1,Gender_Female,-0.008,-1.069,1.069
1,Gender_Male,0.008,1.069,1.069
1,Contract_Month-to-month,-0.4522,-1.0053,1.0053
2,Churn Reason_Lack of self-service on Website,0.3274,1.4142,1.4142
2,Churn Reason_Service dissatisfaction,0.3293,1.4142,1.4142
2,Churn Reason_Poor expertise of phone support,0.1553,1.4142,1.4142
2,Churn Reason_Network reliability,0.3546,1.4142,1.4142
2,Churn Reason_Lack of affordable download/upload speed,0.2308,1.4142,1.4142
2,Churn Reason_Extra data charges,0.2629,1.4142,1.4142
2,Churn Reason_Deceased,0.085,1.4142,1.4142
2,Churn Reason_Product dissatisfaction,0.3528,1.4142,1.4142
2,Churn Reason_Poor expertise of online support,0.1514,1.4142,1.4142
2,Churn Reason_Moved,0.2534,1.4142,1.4142
2,Churn Reason_Long distance charges,0.2308,1.4142,1.4142
2,Churn Reason_Limited range of services,0.2308,1.4142,1.4142
2,Churn Reason_Attitude of service provider,0.3947,1.4138,1.4138
2,Churn Reason_Competitor had better devices,0.3868,1.4138,1.4138
2,Churn Value,1.6638,1.413,1.413
2,Churn Reason__MISSING_,-1.6638,-1.413,1.413
2,Churn Label_No,-1.6638,-1.413,1.413
2,Churn Label_Yes,1.6638,1.413,1.413
2,Churn Reason_Competitor offered higher download speeds,0.4593,1.413,1.413
2,Churn Reason_Don't know,0.4124,1.4129,1.4129
2,Contract_One year,-0.2974,-1.4128,1.4128
2,Churn Score,1.1039,1.4124,1.4124
2,Churn Reason_Competitor offered more data,0.4133,1.4113,1.4113
2,Churn Reason_Price too high,0.3031,1.4052,1.4052
2,Churn Reason_Competitor made better offer,0.3628,1.405,1.405
2,Churn Reason_Attitude of support person,0.4259,1.4048,1.4048
2,Partner_No,0.2435,1.3669,1.3669
2,Partner_Yes,-0.2435,-1.3669,1.3669
2,Contract_Month-to-month,0.6759,1.3641,1.3641
2,Payment Method_Credit card (automatic),-0.2158,-1.3591,1.3591
2,Payment Method_Bank transfer (automatic),-0.1963,-1.3388,1.3388
2,Gender_Female,0.012,1.3363,1.3363
2,Gender_Male,-0.012,-1.3363,1.3363
2,Dependents_No,0.4186,1.3204,1.3204
2,Dependents_Yes,-0.4186,-1.3204,1.3204
2,CLTV,-0.2176,-1.3088,1.3088
2,Tenure Months,-0.5733,-1.3063,1.3063
2,Contract_Two year,-0.5037,-1.2988,1.2988
2,Payment Method_Electronic check,0.5347,1.2517,1.2517
2,Senior Citizen_No,-0.2719,-1.1596,1.1596
2,Senior Citizen_Yes,0.2719,1.1596,1.1596
2,Internet Service_Fiber optic,0.5595,1.0697,1.0697
2,Online Security_No,0.6293,1.0677,1.0677
2,Tech Support_No,0.6198,1.0634,1.0634
2,Paperless Billing_No,-0.3513,-1.0165,1.0165
2,Paperless Billing_Yes,0.3513,1.0165,1.0165
2,Online Backup_No,0.4963,1.0119,1.0119
